155, 155, 164
161, 161, 167
164, 164, 167
161, 161, 163
163, 163, 168
160, 160, 173
159, 159, 181
163, 164, 173
161, 161, 170
165, 165, 172
159, 159, 162
153, 153, 168
159, 159, 167
165, 165, 172
159, 159, 165
153, 153, 155
162, 162, 162
161, 161, 167
161, 161, 167
161, 161, 165
157, 157, 175
163, 163, 173
161, 161, 167
163, 163, 172
160, 160, 160
163, 163, 172
156, 156, 163
160, 160, 160
160, 160, 166
161, 161, 174
158, 158, 158
159, 159, 159
158, 158, 161
164, 164, 167
162, 162, 162
154, 154, 154
165, 167, 166
159, 159, 168
156, 156, 156
165, 166, 169
165, 165, 170
165, 165, 165
161, 161, 162
160, 160, 161
165, 165, 177
164, 164, 168
157, 157, 157
163, 163, 169
161, 161, 165
158, 158, 158
164, 164, 168
157, 157, 157
164, 164, 170
166, 166, 166
161, 161, 175
158, 158, 161
162, 162, 163
156, 156, 164
157, 157, 168
160, 160, 160
164, 164, 177
165, 165, 171
159, 159, 175
159, 159, 172
164, 165, 168
159, 159, 175
163, 163, 169
161, 161, 161
160, 163, 170
165, 167, 165
162, 162, 165
168, 168, 171
163, 163, 165
155, 155, 155
165, 165, 167
162, 162, 164
158, 160, 164
164, 165, 173
161, 162, 167
162, 162, 163
163, 164, 166
161, 161, 163
163, 163, 164
165, 165, 167
166, 166, 170
167, 167, 171
160, 160, 160
157, 157, 170
158, 158, 170
162, 162, 171
154, 154, 154
166, 167, 174
155, 155, 162
164, 164, 165
154, 154, 168
161, 161, 161
161, 161, 170
159, 159, 166
162, 165, 165
161, 161, 161
161, 161, 167
159, 159, 168
167, 167, 173
160, 160, 163
155, 155, 155
159, 160, 159
163, 163, 171
157, 157, 158
155, 155, 164
165, 165, 165
158, 158, 165
164, 164, 165
155, 155, 162
158, 158, 158
161, 163, 163
161, 161, 168
161, 161, 165
156, 156, 159
163, 163, 173
160, 163, 170
166, 167, 166
162, 164, 167
166, 166, 170
161, 161, 162
160, 160, 164
159, 159, 162
160, 162, 162
162, 162, 163
157, 157, 167
166, 167, 167
164, 164, 170
159, 159, 162
161, 161, 176
160, 160, 176
163, 163, 163
157, 157, 163
165, 166, 170
160, 160, 166
158, 161, 165
160, 160, 160
165, 165, 165
162, 162, 162
154, 154, 159
160, 163, 163
161, 161, 161
155, 155, 155
162, 164, 162
163, 163, 181
159, 159, 159
161, 161, 170
162, 162, 165
157, 157, 161
160, 161, 160
162, 162, 170
165, 165, 170
158, 159, 159
166, 166, 169
161, 161, 165
154, 154, 170
162, 162, 162
159, 159, 159
164, 164, 170
165, 165, 172
162, 162, 168
156, 156, 163
159, 159, 171
158, 158, 162
157, 157, 163
161, 161, 161
160, 160, 160
154, 154, 175
164, 165, 164
161, 161, 182
159, 159, 159
155, 155, 160
153, 153, 153
166, 167, 170
165, 165, 171
162, 162, 170
160, 160, 166
157, 157, 179
165, 165, 175
163, 163, 164
162, 162, 162
157, 163, 165
160, 160, 170
163, 163, 166
162, 165, 173
161, 161, 161
162, 162, 166
164, 164, 170
162, 164, 171
160, 160, 161
165, 165, 170
168, 168, 172
159, 159, 160
164, 165, 170
163, 164, 169
161, 161, 165
155, 155, 157
165, 165, 169
165, 165, 165
165, 165, 174
159, 159, 176
165, 165, 169
158, 158, 158
160, 160, 173
157, 157, 159
155, 155, 170
165, 168, 170
163, 163, 167
164, 164, 173
162, 162, 164
160, 160, 160
162, 162, 162
158, 158, 174
169, 169, 177
160, 161, 166
163, 163, 179
163, 163, 175
160, 160, 160
164, 164, 165
154, 154, 154
163, 163, 165
163, 163, 168
164, 164, 167
162, 162, 162
162, 162, 164
162, 162, 164
163, 163, 172
161, 161, 164
163, 163, 168
160, 163, 163
158, 158, 158
159, 159, 167
160, 160, 160
164, 164, 171
162, 162, 166
162, 162, 168
161, 165, 170
161, 161, 166
155, 155, 155
160, 160, 173
158, 158, 158
162, 163, 163
165, 165, 168
162, 165, 172
162, 163, 172
161, 161, 168
163, 163, 165
165, 166, 169
158, 159, 158
161, 163, 165
164, 165, 164
158, 158, 168
159, 159, 166
161, 161, 166
162, 163, 172
160, 160, 164
160, 160, 172
162, 163, 171
159, 159, 164
164, 164, 169
163, 163, 164
160, 160, 163
162, 163, 169
161, 161, 161
156, 156, 164
154, 154, 156
163, 164, 163
156, 156, 156
161, 162, 163
150, 150, 156
162, 164, 165
156, 156, 157
166, 166, 169
157, 157, 160
161, 161, 174
165, 166, 174
158, 158, 158
161, 161, 167
156, 156, 157
162, 162, 164
161, 161, 161
164, 167, 170
158, 158, 177
159, 159, 160
163, 163, 168
164, 164, 172
156, 156, 161
161, 161, 174
160, 160, 172
160, 160, 171
154, 154, 168
161, 161, 173
162, 162, 173
158, 158, 170
149, 149, 149
158, 164, 171
158, 160, 170
165, 165, 169
162, 162, 171
161, 161, 165
159, 159, 161
160, 161, 163
161, 161, 169
161, 161, 161
157, 157, 161
166, 166, 171
161, 161, 161
162, 162, 176
158, 158, 170
161, 161, 171
155, 155, 155
154, 154, 154
162, 162, 171
155, 155, 155
160, 160, 160
162, 162, 167
163, 163, 166
161, 163, 162
161, 161, 167
167, 167, 167
162, 162, 169
152, 152, 152
165, 165, 166
166, 166, 171
166, 166, 168
163, 163, 165
164, 164, 171
161, 164, 167
153, 153, 153
154, 154, 154
158, 158, 163
162, 162, 165
164, 164, 164
163, 165, 170
161, 161, 163
165, 165, 166
164, 164, 165
163, 163, 169
158, 158, 158
165, 165, 165
165, 166, 173
167, 167, 175
161, 161, 161
160, 160, 168
160, 160, 166
161, 161, 162
159, 159, 165
161, 162, 163
157, 157, 164
161, 161, 162
163, 163, 166
167, 168, 172
159, 159, 159
163, 163, 173
157, 157, 172
161, 161, 167
162, 163, 166
165, 167, 165
167, 168, 173
156, 156, 156
160, 160, 166
160, 162, 162
165, 165, 166
163, 163, 175
158, 158, 165
162, 162, 169
163, 165, 172
163, 163, 173
164, 164, 171
165, 165, 165
162, 162, 173
159, 159, 159
162, 162, 165
159, 160, 162
159, 159, 171
160, 160, 164
163, 163, 168
162, 162, 166
155, 155, 161
163, 163, 163
161, 161, 167
161, 165, 167
157, 157, 161
148, 148, 148
157, 157, 157
156, 156, 160
162, 162, 162
158, 158, 173
163, 163, 171
159, 159, 159
165, 168, 169
160, 160, 166
160, 161, 176
165, 166, 168
160, 160, 164
164, 164, 165
160, 160, 167
153, 153, 162
160, 160, 167
163, 163, 169
165, 165, 172
156, 156, 159
162, 162, 162
162, 163, 163
156, 156, 167
165, 165, 174
163, 165, 163
159, 159, 175
159, 159, 165
163, 163, 163
161, 161, 167
165, 166, 172
161, 161, 174
154, 154, 154
156, 156, 167
161, 161, 171
167, 167, 170
155, 155, 155
162, 162, 162
162, 163, 162
156, 156, 160
157, 157, 159
158, 158, 171
153, 153, 153
158, 158, 158
162, 162, 180
163, 163, 168
157, 157, 158
162, 162, 162
164, 164, 164
156, 158, 156
150, 150, 150
163, 163, 169
157, 157, 157
156, 156, 172
161, 161, 161
161, 161, 162
159, 159, 167
162, 162, 169
164, 165, 168
160, 160, 160
159, 160, 171
163, 163, 163
159, 159, 159
164, 164, 164
157, 157, 157
155, 155, 162
159, 159, 169
161, 161, 171
158, 158, 158
156, 156, 161
161, 161, 171
163, 163, 174
160, 160, 163
157, 157, 157
160, 160, 166
158, 158, 160
163, 164, 164
159, 159, 159
159, 159, 166
158, 158, 159
163, 163, 166
164, 165, 167
155, 155, 171
160, 160, 164
162, 162, 162
159, 159, 159
160, 160, 170
157, 157, 169
165, 165, 172
156, 156, 161
153, 153, 153
161, 161, 182
157, 157, 166
155, 155, 155
161, 161, 164
161, 161, 161
161, 161, 164
158, 158, 162
158, 158, 164
156, 156, 160
155, 155, 155
160, 160, 160
163, 163, 165
160, 161, 168
165, 166, 166
156, 156, 171
158, 159, 164
160, 160, 168
162, 163, 162
154, 154, 163
164, 164, 169
156, 156, 156
158, 158, 164
161, 161, 165
160, 160, 165
155, 155, 156
164, 164, 166
159, 159, 159
165, 165, 179
166, 166, 173
166, 166, 169
160, 160, 164
159, 159, 166
165, 165, 170
161, 162, 164
158, 159, 167
167, 167, 173
163, 163, 171
162, 162, 167
167, 168, 175
161, 161, 160
162, 164, 164
156, 156, 173
159, 159, 169
158, 158, 161
156, 156, 157
161, 161, 166
165, 165, 167
163, 163, 167
162, 162, 162
162, 162, 163
157, 157, 170
161, 161, 162
152, 152, 158
162, 162, 164
164, 164, 165
164, 165, 169
162, 162, 166
157, 157, 157
166, 166, 178
152, 152, 152
164, 164, 171
159, 159, 164
159, 159, 167
163, 163, 163
159, 159, 164
161, 161, 161
161, 161, 164
159, 159, 159
165, 165, 171
156, 156, 157
159, 159, 169
163, 163, 172
163, 163, 164
167, 168, 171
158, 158, 168
170, 170, 174
165, 166, 172
157, 157, 158
159, 159, 165
161, 161, 163
164, 164, 165
164, 164, 166
161, 161, 168
166, 166, 171
166, 166, 165
156, 156, 161
162, 163, 163
150, 150, 150
159, 160, 175
161, 161, 163
164, 164, 166
169, 169, 175
158, 158, 158
159, 159, 160
159, 159, 176
162, 162, 164
160, 160, 170
161, 162, 168
166, 166, 166
162, 162, 162
158, 158, 158
163, 163, 166
162, 162, 175
162, 162, 162
165, 165, 172
164, 164, 170
163, 163, 169
159, 159, 169
163, 163, 169
163, 163, 167
161, 163, 161
166, 167, 169
154, 154, 156
161, 161, 169
159, 159, 159
151, 151, 163
155, 155, 167
158, 158, 163
164, 164, 164
159, 159, 160
159, 159, 163
158, 158, 158
160, 160, 160
154, 154, 160
159, 159, 169
162, 162, 164
162, 164, 164
165, 165, 175
153, 153, 169
161, 161, 161
162, 162, 172
162, 162, 169
166, 166, 175
164, 164, 170
162, 162, 168
164, 167, 169
159, 159, 163
162, 162, 162
163, 163, 166
162, 162, 172
158, 158, 161
159, 159, 159
165, 165, 165
163, 163, 178
163, 163, 169
164, 165, 166
160, 160, 169
160, 160, 162
160, 161, 162
164, 164, 171
161, 161, 164
162, 162, 165
162, 162, 162
165, 165, 169
154, 154, 158
163, 164, 167
162, 162, 175
168, 168, 176
156, 156, 156
162, 162, 171
155, 155, 160
162, 162, 166
156, 156, 156
159, 159, 163
163, 163, 163
163, 163, 163
160, 160, 171
160, 165, 174
159, 159, 159
154, 154, 166
161, 161, 162
163, 163, 170
155, 155, 174
165, 167, 168
161, 161, 163
160, 160, 166
157, 157, 167
161, 161, 161
162, 162, 162
163, 163, 165
159, 159, 165
158, 158, 169
163, 164, 164
164, 165, 165
165, 165, 167
169, 170, 175
164, 164, 168
157, 157, 159
161, 161, 161
160, 160, 160
158, 158, 176
159, 159, 160
161, 161, 169
162, 162, 167
155, 155, 179
157, 157, 166
163, 164, 166
158, 158, 165
165, 165, 171
158, 158, 160
162, 162, 172
164, 164, 164
162, 162, 181
160, 161, 163
161, 161, 184
155, 155, 170
156, 156, 156
161, 161, 161
161, 161, 169
165, 165, 178
160, 160, 170
162, 162, 173
162, 162, 169
165, 166, 166
164, 165, 166
157, 158, 158
168, 168, 174
165, 166, 167
161, 163, 165
163, 163, 167
168, 169, 176
157, 157, 175
163, 166, 171
164, 164, 163
162, 162, 169
165, 166, 168
155, 155, 155
164, 164, 165
156, 157, 158
161, 161, 161
160, 160, 160
159, 159, 171
162, 162, 174
164, 164, 168
165, 165, 169
163, 163, 167
152, 152, 152
157, 157, 157
161, 161, 161
158, 158, 160
162, 162, 169
160, 160, 162
167, 167, 176
164, 164, 167
160, 160, 162
162, 162, 162
164, 164, 167
159, 159, 163
161, 161, 173
160, 160, 162
157, 157, 171
155, 156, 155
159, 159, 165
153, 153, 153
157, 157, 157
156, 156, 159
164, 164, 172
166, 166, 172
164, 164, 179
164, 164, 164
163, 163, 167
155, 155, 155
156, 156, 173
159, 159, 161
164, 164, 171
165, 165, 168
158, 158, 168
163, 163, 165
162, 162, 168
154, 154, 155
166, 167, 167
156, 156, 161
163, 163, 174
157, 157, 173
161, 161, 161
164, 165, 169
168, 169, 177
159, 159, 160
157, 157, 173
156, 156, 156
154, 154, 170
164, 164, 170
159, 159, 160
163, 163, 176
162, 162, 163
161, 161, 164
169, 169, 173
159, 159, 160
160, 160, 160
166, 166, 166
161, 161, 161
165, 165, 170
163, 163, 163
152, 152, 152
162, 162, 164
160, 160, 164
155, 155, 155
165, 165, 177
162, 162, 170
161, 161, 161
163, 163, 166
158, 158, 162
157, 157, 157
160, 160, 165
154, 154, 157
162, 162, 166
162, 162, 164
163, 165, 169
159, 159, 171
163, 163, 166
157, 157, 169
158, 158, 164
161, 161, 173
162, 163, 167
162, 162, 162
155, 158, 173
163, 163, 163
164, 167, 171
164, 164, 168
165, 165, 174
159, 159, 180
152, 152, 164
160, 161, 161
166, 167, 166
159, 159, 168
158, 158, 168
161, 161, 175
161, 161, 162
162, 162, 165
156, 156, 156
160, 162, 173
165, 168, 171
166, 166, 166
162, 162, 173
160, 160, 160
159, 159, 166
162, 165, 165
156, 156, 156
162, 162, 163
161, 161, 161
153, 153, 159
165, 166, 169
165, 165, 170
164, 164, 171
166, 166, 169
165, 165, 173
165, 165, 168
155, 155, 176
165, 166, 165
162, 162, 163
159, 159, 159
166, 166, 166
160, 160, 166
163, 163, 170
157, 157, 173
148, 148, 148
162, 162, 164
163, 163, 172
156, 156, 158
162, 162, 162
153, 153, 153
161, 161, 161
164, 164, 170
168, 168, 173
164, 164, 170
166, 166, 168
157, 157, 169
164, 164, 164
160, 160, 160
161, 161, 164
161, 161, 167
161, 161, 162
163, 163, 163
153, 153, 153
159, 159, 168
158, 158, 167
162, 162, 167
158, 158, 158
161, 161, 165
164, 164, 164
160, 160, 168
159, 159, 163
161, 161, 166
164, 164, 173
161, 161, 173
164, 164, 179
161, 161, 167
159, 160, 172
161, 161, 161
163, 163, 175
160, 160, 165
160, 160, 160
161, 161, 169
161, 161, 162
164, 165, 165
162, 162, 172
162, 162, 169
166, 166, 167
162, 162, 173
166, 166, 171
165, 165, 172
162, 162, 175
167, 168, 167
146, 146, 146
160, 160, 166
159, 159, 160
164, 164, 168
160, 160, 170
161, 161, 161
157, 157, 169
161, 161, 169
163, 163, 166
163, 163, 166
164, 164, 176
162, 162, 162
161, 161, 162
165, 166, 166
154, 154, 154
162, 162, 172
161, 161, 161
164, 164, 164
158, 158, 171
165, 165, 169
160, 160, 160
162, 162, 163
166, 166, 171
162, 162, 171
164, 166, 164
161, 161, 161
160, 160, 164
163, 163, 169
158, 158, 158
159, 159, 162
158, 158, 158
155, 155, 155
155, 155, 171
159, 159, 168
160, 160, 166
159, 159, 161
161, 161, 174
157, 157, 157
164, 164, 168
162, 162, 164
159, 159, 161
161, 161, 172
162, 164, 167
166, 166, 167
160, 160, 167
160, 160, 177
160, 160, 168
160, 160, 167
149, 149, 149
160, 160, 163
156, 156, 159
155, 155, 166
163, 163, 168
159, 159, 159
167, 168, 170
159, 159, 163
156, 156, 156
167, 167, 170
161, 161, 161
158, 159, 166
159, 159, 159
162, 162, 171
160, 160, 160
162, 162, 168
162, 162, 164
165, 165, 169
161, 161, 173
157, 157, 162
162, 162, 171
161, 161, 168
165, 169, 173
162, 162, 173
163, 163, 166
165, 165, 171
163, 163, 164
161, 163, 165
159, 159, 171
157, 157, 157
164, 164, 165
161, 163, 168
161, 161, 165
163, 163, 164
157, 157, 161
165, 166, 181
161, 163, 161
155, 155, 155
154, 154, 157
165, 166, 171
161, 161, 170
162, 162, 168
157, 157, 158
159, 159, 168
162, 162, 162
164, 166, 173
159, 159, 159
157, 157, 157
157, 157, 166
157, 157, 168
162, 162, 172
162, 162, 163
159, 159, 159
166, 166, 172
163, 164, 165
163, 163, 171
159, 159, 161
163, 165, 176
161, 161, 163
162, 162, 164
159, 159, 170
163, 163, 164
160, 160, 166
163, 163, 172
165, 166, 168
162, 163, 173
159, 159, 159
159, 159, 160
160, 160, 161
165, 165, 173
163, 163, 164
159, 159, 170
155, 155, 155
160, 160, 169
